Current,New
T17,TM17
BA.,BA
ESY,EZJ
QQ.,QQ
CLIN,Delisted
GYS,Delisted
SUMO,Delisted
TTWO,Delisted
CDM,Delisted
KFG,KGF
VEC,Delisted
STCK,Delisted
ZM,Delisted
RANK,RNK
IMO,Delisted
BYND,Delisted
GAN,Delisted
TMMG,TMG
ETO,Delisted
GVC,Delisted
SCH,Delisted
SBIZ,Delisted
NMC,Delisted
FFX,Delisted
CWD,Delisted
SCPA,Delisted
VEC,Delisted
REDE,REDD
FENR,Delisted
AMO,Delisted
TAP,Delisted
SND,SDG
SWL,Delisted
TCO,CTO
ULS,Delisted
PAYS,Delisted
PLP,Delisted
ESL,Delisted
YU.,YU
HVN,Delisted
XAF,Delisted
NPT,Delisted
SERV,Delisted
MKT,Delisted
TTR,Delisted
SSY,Delisted
