Mnemonic,ISIN,Issuer Name
AHT,GB0000536739,ASHTEAD GROUP PLC
DGE,GB0002374006,DIAGEO PLC
BA.,GB0002634946,BAE SYSTEMS PLC
BATS,GB0002875804,BRITISH AMERICAN TOBACCO PLC
STAN,GB0004082847,STANDARD CHARTERED PLC
HSBA,GB0005405286,HSBC HLDGS PLC
LGEN,GB0005603997,LEGAL & GENERAL GROUP PLC
PRU,GB0007099541,PRUDENTIAL PLC
RIO,GB0007188757,RIO TINTO PLC
SSE,GB0007908733,SSE PLC
BP.,GB0007980591,BP PLC
LLOY,GB0008706128,LLOYDS BANKING GROUP PLC
GSK,GB0009252882,GLAXOSMITHKLINE PLC
AZN,GB0009895292,ASTRAZENECA PLC
BT.A,GB0030913577,BT GROUP PLC
BARC,GB0031348658,BARCLAYS PLC
LSEG,GB00B0SWJX34,LONDON STOCK EXCHANGE GROUP PLC
ULVR,GB00B10RZP78,UNILEVER PLC
EXPN,GB00B19NLV48,EXPERIAN PLC
CRH,IE0001827041,CRH PLC
AAL,GB00B1XZS820,ANGLO AMERICAN PLC
RKT,GB00B24CGK77,RECKITT BENCKISER GROUP PLC
REL,GB00B2B0DG97,RELX PLC
GLEN,JE00B4T3BW64,GLENCORE PLC
NWG,GB00B7T77214,NATWEST GROUP PLC
VOD,GB00BH4HKS39,VODAFONE GROUP PLC
FLTR,IE00BWT6H894,FLUTTER ENTERTAINMENT PLC
NG.,GB00BDR05C01,NATIONAL GRID PLC
CPG,GB00BD6K4575,COMPASS GROUP PLC
FERG,JE00BJVNSS43,FERGUSON PLC
TSCO,GB00BLGZ9862,TESCO PLC
SHEL,GB00BP6MXD84,SHELL PLC
ANTO,GB0000456144,ANTOFAGASTA PLC
BDEV,GB0000811801,BARRATT DEVELOPMENTS PLC
BLND,GB0001367019,BRITISH LAND CO PLC
AV.,GB0002162385,AVIVA PLC
SDR,GB0002405495,SCHRODERS PLC
RS1,GB0003096442,RS GROUP PLC
HLMA,GB0004052071,HALMA PLC
IMB,GB0004544929,IMPERIAL BRANDS PLC
HWDN,GB0005576813,HOWDEN JOINERY GROUP PLC
MGGT,GB0005758098,MEGGITT PLC
ABF,GB0006731235,ASSOCIATED BRITISH FOODS PLC
PSON,GB0006776081,PEARSON PLC
PSN,GB0006825383,PERSIMMON PLC
STJ,GB0007669376,ST.JAMES'S PLACE PLC
SMDS,GB0008220112,SMITH (DS) PLC
TW.,GB0008782301,TAYLOR WIMPEY PLC
SN.,GB0009223206,SMITH & NEPHEW PLC
DPH,GB0009633180,DECHRA PHARMACEUTICALS PLC
ITRK,GB0031638363,INTERTEK GROUP PLC
BRBY,GB0031743007,BURBERRY GROUP PLC
NXT,GB0032089863,NEXT PLC
KGF,GB0033195214,KINGFISHER PLC
ITV,GB0033986497,ITV PLC
SBRY,GB00B019KW72,SAINSBURY(J) PLC
ADM,GB00B02J6398,ADMIRAL GROUP PLC
BNZL,GB00B0744B38,BUNZL PLC
RTO,GB00B082RF11,RENTOKIL INITIAL PLC
HIK,GB00B0LCW083,HIKMA PHARMACEUTICALS PLC
SVT,GB00B1FH8J72,SEVERN TRENT PLC
WTB,GB00B1KJJ408,WHITBREAD PLC
HL.,GB00B1VZ0M25,HARGREAVES LANSDOWN PLC
SMIN,GB00B1WY2338,SMITHS GROUP PLC
DCC,IE0002424939,DCC PLC
MNDI,GB00B1CRLC47,MONDI PLC
FRES,GB00B2QPKJ12,FRESNILLO PLC
UU.,GB00B39J2M42,UNITED UTILITIES GROUP PLC
SGRO,GB00B5ZN1N88,SEGRO PLC
ENT,IM00B5VQMV65,ENTAIN PLC
OCDO,GB00B3MBS747,OCADO GROUP PLC
IAG,ES0177542018,INTL CONSOLIDATED AIRLINES GROUP SA
RR.,GB00B63H8491,ROLLS-ROYCE HOLDINGS PLC
WPP,JE00B8KF9B49,WPP PLC
CCH,CH0198251305,COCA-COLA HBC AG
SGE,GB00B8C3BL03,SAGE GROUP PLC
AVV,GB00BBG9VN75,AVEVA GROUP PLC
RMG,GB00BDVZYZ77,ROYAL MAIL PLC
INF,GB00BMJ6DW54,INFORMA PLC
BME,LU1072616219,B&M EUROPEAN VALUE RETAIL S.A.
AUTO,GB00BVYVFW23,AUTO TRADER GROUP PLC
SPX,GB00BWFGQN14,SPIRAX-SARCO ENGINEERING PLC
SKG,IE00B1RR8406,SMURFIT KAPPA GROUP PLC
ICP,GB00BYT1DJ19,INTERMEDIATE CAPITAL GROUP PLC
LAND,GB00BYW0PQ60,LAND SECURITIES GROUP PLC
AVST,GB00BDD85M81,AVAST PLC
RMV,GB00BGDT3G23,RIGHTMOVE  PLC
ABDN,GB00BF8Q6K64,ABRDN PLC
PHNX,GB00BGXQNP29,PHOENIX GROUP HOLDINGS PLC
IHG,GB00BHJYC057,INTERCONTINENTAL HOTELS GROUP PLC
CRDA,GB00BJFFLV09,CRODA INTERNATIONAL PLC
AAF,GB00BKDRYJ47,AIRTEL AFRICA PLC
MNG,GB00BKFB1C65,M&G PLC
EDV,GB00BL6K5J42,ENDEAVOUR MINING PLC
BKG,GB00BLJNXL82,BERKELEY GROUP HOLDINGS (THE) PLC
MRO,GB00BNR5MZ78,MELROSE INDUSTRIES PLC
JD.,GB00BM8Q5M07,JD SPORTS FASHION PLC
FIN,GB00BJ7HMW26,FINABLR PLC
CAR,GB0001751915,CARCLO PLC
CGS,GB0001795680,CASTINGS PLC
CTO,GB0002015021,TCLARKE PLC
CLLN,GB0007365546,CARILLION PLC
ASC,GB0030927254,ASOS PLC
POG,GB0031544546,PETROPAVLOVSK PLC
DIA,GB0033057794,DIALIGHT PLC
NANO,GB00B01JLR99,NANOCO GROUP PLC
RAV,GB00B0D5V538,RAVEN PROPERTY GROUP LIMITED
SNWS,GB00B17WCR61,SMITHS NEWS PLC
GLB,IE0000669501,GLANBIA PLC
BVC,IL0010849045,BATM ADVANCED COMMUNICATIONS LD
GEMD,VGG379591065,GEM DIAMONDS LD
STB,GB00B6TKHP66,SECURE TRUST BANK PLC
EVR,GB00B71N6K86,EVRAZ PLC
GMS,GB00BJVWTM27,GULF MARINE SERVICES PLC
SCS,GB00BRF0TJ56,SCS GROUP PLC
DPEU,NL0012328801,DP EURASIA N.V.
BIRG,IE00BD1RP616,BANK OF IRELAND GROUP PLC
CGEO,GB00BF4HYV08,GEORGIA CAPITAL PLC
MLI,GG00BFWMR296,INDUSTRIALS REIT LIMITED
WRKS,GB00BF5HBF20,THEWORKS.CO.UK PLC
PBEE,GB00BNDRLN84,PENSIONBEE GROUP PLC
SRAD,GB00BMHRMV23,STELRAD GROUP PLC
RE.,GB0002349065,R.E.A.HLDGS PLC
TOWN,GB0003062816,TOWN CENTRE SECURITIES PLC
MTVW,GB0006081037,MOUNTVIEW ESTATES PLC
VP.,GB0009286963,VP PLC
WIL,GB0009692319,WILMINGTON PLC
HSD,IM00B1H1XF89,HANSARD GLOBAL PLC
POLY,JE00B6T5S470,POLYMETAL INTERNATIONAL PLC
ICGC,IE00BLP58571,IRISH CONTINENTAL GROUP PLC
NOG,GB00BGP6Q951,NOSTRUM OIL & GAS PLC
ALM,GB00BLRLH124,ALLIED MINDS PLC
AMGO,GB00BFFK8T45,AMIGO HOLDINGS PLC
ASAI,GB00BDFXHW57,ASA INTERNATIONAL GROUP PLC
ALTN,GB00BMH19X50,ALTYNGOLD PLC
BUMP,GB00BNXGTY25,SERAPHINE GROUP PLC
MCLS,GB00BJ3VW957,MCCOLL'S RETAIL GROUP PLC
KYGA,IE0004906560,KERRY GROUP PLC
KGP,IE0004927939,KINGSPAN GROUP PLC
AIBG,IE00BF0L3536,AIB GROUP PLC
JET,NL0012015705,JUST EAT TAKEAWAY.COM N.V.
NICL,GB0006389398,NICHOLS PLC
NFC,GB0030026057,NEXT FIFTEEN COMMUNICATIONS GRP PLC
ITM,GB00B0130H42,ITM POWER PLC
YNGA,GB00B2NDK765,YOUNG & CO'S BREWERY PLC
EMIS,GB00B61D1Y04,EMIS GROUP PLC
ABC,GB00B6774699,ABCAM PLC
SIR,GB00BLMQ9L68,SECURE INCOME REIT PLC
GAMA,GB00BQS10J50,GAMMA COMMUNICATIONS PLC
RWS,GB00BVFCZV34,RWS HOLDINGS PLC
MIDW,GB00BYSXWW41,MIDWICH GROUP PLC
WHR,GB00BD2NCM38,WAREHOUSE REIT PLC
JHD,GB00B0LS8535,JAMES HALSTEAD PLC
YNGN,GB00B2NDK989,YOUNG & CO'S BREWERY PLC
TFW,GB00BC9ZLX92,THORPE(F.W.) PLC
BMK,GB00BGHPT808,BENCHMARK HOLDINGS PLC
BOR,GB00B08F4599,BORDERS & SOUTHERN PETROLEUM PLC
EME,GB00B09G2351,EMPYREAN ENERGY PLC
AMC,VGG042401007,AMUR MINERALS CORPORATION
INDI,GG00B39HF298,INDUS GAS LD
PAF,GB0004300496,PAN AFRICAN RESOURCES PLC
AMS,GB0004536594,ADVANCED MEDICAL SOLUTIONS GRP PLC
JSG,GB0004762810,JOHNSON SERVICE GROUP PLC
IPX,GB0004905260,IMPAX ASSET MANAGEMENT GROUP PLC
RNWH,GB0005359004,RENEW HOLDINGS PLC
GBG,GB0006870611,GB GROUP PLC
MPE,GB0007538100,M. P. EVANS GROUP PLC
VLX,GB0009390070,VOLEX PLC
IQE,GB0009619924,IQE PLC
APH,GB0031030819,ALLIANCE PHARMA PLC
FDP,GB0031477770,FD TECHNOLOGIES PLC
WINE,GB00B021F836,NAKED WINES PLC
NUM,GB00B05M6465,NUMIS CORPORATION PLC
BRK,GB00B067N833,BROOKS MACDONALD GROUP PLC
SQZ,GB00B0CY5V57,SERICA ENERGY PLC
CTH,GB00B0KWHQ09,CARETECH HOLDINGS PLC
PANR,GB00B125SX82,PANTHEON RESOURCES PLC
JET2,GB00B1722W11,JET2 PLC
POLR,GB00B1GCLT25,POLAR CAPITAL HOLDINGS PLC
CVSG,GB00B2863827,CVS GROUP PLC
CAML,GB00B67KBV28,CENTRAL ASIA METALS PLC
DOTD,GB00B3W40C23,DOTDIGITAL GROUP PLC
LTG,GB00B4T7HX10,LEARNING TECHNOLOGIES GROUP PLC
SMS,GB00B4X1RC86,SMART METERING SYSTEMS PLC
KWS,GB00BBQ38507,KEYWORDS STUDIOS PLC
FDEV,GB00BBT32N39,FRONTIER DEVELOPMENTS PLC
CNIC,GB00BCCW4X83,CENTRALNIC GROUP PLC
ERGO,GB00BN7ZCY67,ERGOMED PLC
FEVR,GB00BRJ9BJ26,FEVERTREE DRINKS PLC
MAB1,GB00BQSBH502,MORTGAGE ADVICE BUREAU (HLDGS) PLC
WJG,GB00BD6RF223,WATKIN JONES PLC
CWR,GB00BG5KQW09,CERES POWER HOLDINGS PLC
VIC,GB00BNVVHD43,VICTORIAN PLUMBING GROUP PLC
REVB,GB00BP7L1T61,REVOLUTION BEAUTY GROUP PLC
BIG,GB00BN2TR932,BIG TECHNOLOGIES PLC
LBG,GB00BKPH9R58,LBG MEDIA PLC
SEE,AU0000XINAJ0,SEEING MACHINES LD
GFM,BMG319201049,GRIFFIN MINING LD
ACSO,GB0001771426,ACCESSO TECHNOLOGY GROUP PLC
GHH,GB0002259116,GOOCH & HOUSEGO PLC
IDOX,GB0002998192,IDOX PLC
IOM,GB0004281639,IOMART GROUP PLC
APP,GB0006710643,APPRECIATE GROUP PLC
MTC,GB0009067447,MOTHERCARE PLC
EKF,GB0031509804,EKF DIAGNOSTICS HOLDINGS PLC
FUM,GB0033278473,FUTURA MEDICAL PLC
IMM,GB0033711010,IMMUPHARMA PLC
SAA,GB00B01F7T14,M&C SAATCHI PLC
BEG,GB00B0305S97,BEGBIES TRAYNOR GROUP PLC
SNG,GB00B0381Z20,SYNAIRGEN PLC
STAF,GB00B040L800,STAFFLINE GROUP PLC
RKH,GB00B0FVQX23,ROCKHOPPER EXPLORATION PLC
QFI,GB00B11DDB67,QUADRISE FUELS INTERNATIONAL PLC
VLS,GB00B11SZ269,VELOCYS PLC
HAT,GB00B12RQD06,H&T GROUP PLC
AFC,GB00B18S7B29,AFC ENERGY PLC
VTU,GB00B1GK4645,VERTU MOTORS PLC
BWNG,GB00B1P6ZR11,BROWN(N.)GROUP PLC
CGH,VGG203461055,CHAARAT GOLD HOLDINGS LD
ETX,GB00B2823H99,E-THERAPEUTICS PLC
CHAR,GG00B2R9PM06,CHARIOT LIMITED
BREE,JE00B2419D89,BREEDON GROUP PLC
AET,GB00B4X3Q493,AFENTRA PLC
ZIOC,VGG9888M1023,ZANAGA IRON
LIV,VGG550931015,LIVERMORE INVESTMENTS GROUP LD
WAND,JE00B6Y3DV84,WANDISCO PLC
RCN,GB00B7TW1V39,REDCENTRIC PLC
VRS,GB00B8YZTJ80,VERSARIEN PLC
GWI,GG00B979FD04,GLOBALWORTH REAL ESTATE INVESTMENTS
GMR,GB00BBHXD542,GAMING REALMS PLC
JAY,GB00BFD3VF20,BLUEJAY MINING PLC
HUR,GB00B580MF54,HURRICANE ENERGY PLC
CIR,GB00BJVD3B28,CIRCASSIA GROUP PLC
BOO,JE00BG6L7297,BOOHOO GROUP PLC
TRMR,IL0011320343,TREMOR INTERNATIONAL LTD
EPWN,GB00BNGY4Y86,EPWIN GROUP PLC
SMV,GB00BNG8T458,SMOOVE PLC
SAVE,GB00BP41S218,SAVANNAH ENERGY PLC
AXS,GB00BQQFX454,ACCSYS TECHNOLOGIES PLC
HSS,GB00BVFD4645,HSS HIRE GROUP PLC
ALL,AU0000XINEX3,ATLANTIC LITHIUM LIMITED
SLE,IE00BWVFTP56,SAN LEON ENERGY PLC
PURP,GB00BYV2MV74,PURPLEBRICKS GROUP PLC
MCL,GB00BZ6C4F71,MORSES CLUB PLC
JOUL,GB00BZ059357,JOULES GROUP PLC
VCP,GB00BZC0LC10,VICTORIA PLC
KEFI,GB00BD8GP619,KEFI GOLD AND COPPER PLC
I3E,GB00BDHXPJ60,I3 ENERGY PLC
GRP,IE00BF2NR112,GREENCOAT RENEWABLES PLC
KETL,IM00BF0FMG91,STRIX GROUP PLC
NCYT,FR0010397232,NOVACYT S.A.
TENG,GB00BF188X60,TEN LIFESTYLE GROUP PLC
FNTL,GB00BG1THS43,FINTEL PLC
KGH,GB00BFYF6298,KNIGHTS GROUP HOLDINGS PLC
YCA,JE00BF50RG45,YELLOW CAKE PLC
LIT,AU000000LCA6,LITIGATION CAPITAL MANAGEMENT LTD
HCM,KYG4672N1198,HUTCHMED (CHINA) LIMITED
AGFX,GB00BJLPH056,ARGENTEX GROUP PLC
BUR,GG00BMGYLN96,BURFORD CAPITAL LIMITED
KITW,GB00BNYKB709,KITWAVE GROUP PLC
CAM,GB0001667087,CAMELLIA PLC
PRM,GB0003104196,PROTEOME SCIENCES PLC
RNO,GB0007325078,RENOLD PLC
ARBB,GB0007922338,ARBUTHNOT BANKING GROUP PLC
TRB,GB0030181522,TRIBAL GROUP PLC
ENW,GB0031775819,ENWELL ENERGY PLC
HSP,GB00B0MTC970,HARGREAVES SERVICES PLC
CHRT,GB00B0YD2B94,COHORT PLC
SPO,GB00B28ZPV64,SPORTECH PLC
TAN,GB00B4QHFM95,TANFIELD GROUP PLC
IBPO,GG00B54NMG96,IENERGIZER LD
PGR,GB00B7LHJ340,PHOENIX GLOBAL RESOURCES PLC
RQIH,BMG7371X1065,RANDALL & QUILTER INVEST. HLDGS LD
TUNG,GB00B7Z0Q502,TUNGSTEN CORPORATION PLC
CNG,KYG215771042,CHINA NONFERROUS GOLD LD
SFE,JE00BGP63272,SAFESTYLE UK PLC
PMG,GB00BGCYZL73,PARKMEAD GROUP (THE) PLC
FLO,GB00BM4NR742,FLOWTECH FLUIDPOWER PLC
NAH,GB00BM7S2W63,NAHL GROUP PLC
MYSL,JE00BMH4MR96,MYSALE GROUP PLC
C4XD,GB00BQQ2RV18,C4X DISCOVERY HOLDINGS PLC
CBP,GB00BW0D4R71,CURTIS BANKS GROUP PLC
ONC,GB00BYQ94H38,ONCIMMUNE HOLDINGS PLC
ACRL,GB00BZ6VT592,ACCROL GROUP HOLDINGS PLC
OBD,GB00BD5H8572,OXFORD BIODYNAMICS PLC
TAM,GB00BYX1P358,TATTON ASSET MANAGEMENT PLC
QUIZ,JE00BZ00SF59,QUIZ PLC
AT.,GB00BLH42507,ASHTEAD TECHNOLOGY HOLDINGS PLC
PHC,GB00B01JC540,PLANT HEALTH CARE PLC
UKR,GB00B03HK741,UKRPRODUCT GROUP LD
PXS,GB00B0923P27,PROVEXIS PLC
DDDD,GB00BJL5BR07,4D PHARMA PLC
IGAS,GB00BZ042C28,IGAS ENERGY PLC
AGTA,GG00BDG13C09,AGRITERRA LD
CPP,GB00BMDX5Z93,CPPGROUP PLC
FSJ,GB0003395000,FISHER(JAMES)& SONS PLC
HFD,GB00B012TP20,HALFORDS GROUP PLC
PFC,GB00B0H2K534,PETROFAC LD
BAG,GB00B6XZKY75,BARR(A.G.) PLC
OTB,GB00BYM1K758,ON THE BEACH GROUP PLC
BGEO,GB00BF4HYT85,BANK OF GEORGIA GROUP PLC
OCN,BMG6699D1074,OCEAN WILSONS HOLDINGS LD
SDY,GB0000163088,SPEEDY HIRE PLC
AEP,GB0000365774,ANGLO-EASTERN PLANTATIONS PLC
AVON,GB0000667013,AVON PROTECTION PLC
TED,GB0001048619,TED BAKER PLC
BOOT,GB0001110096,BOOT (HENRY) PLC
XAR,GB0001570810,XAAR PLC
DVO,GB0002670437,DEVRO PLC
GOG,GB0003753778,GO-AHEAD GROUP PLC
HEAD,GB0004170089,HEADLAM GROUP PLC
HTG,GB0004478896,HUNTING PLC
KLR,GB0004866223,KELLER GROUP PLC
KIE,GB0004915632,KIER GROUP PLC
MACF,GB0005518872,MACFARLANE GROUP PLC
MER,GB0005630420,MEARS GROUP PLC
MCB,GB0005746358,MCBRIDE PLC
MNZS,GB0005790059,MENZIES(JOHN) PLC
PRV,GB0006963689,PORVAIR PLC
RCDO,GB0007370074,RICARDO PLC
RPS,GB0007594764,RPS GROUP PLC
SUS,GB0007655037,S & U PLC
KCT,GB0007689002,KIN AND CARTA PLC
SNR,GB0007958233,SENIOR PLC
SHI,GB0008025412,SIG PLC
RWA,GB0008475088,ROBERT WALTERS PLC
PHTM,GB0008481250,PHOTO-ME INTERNATIONAL PLC
TTG,GB0008711763,TT ELECTRONICS PLC
TRI,GB0008883927,TRIFAST PLC
RCH,GB0009039941,REACH PLC
VTC,GB0009296665,THE VITEC GROUP PLC
ZTF,GB0009896605,ZOTEFOAMS PLC
WIN,GB0030329360,WINCANTON PLC
BMY,GB0033147751,BLOOMSBURY PUBLISHING PLC
CSN,GB00B00FPT80,CHESNARA PLC
PAY,GB00B02QND93,PAYPOINT PLC
ESKN,GB00B03HDJ73,ESKEN LIMITED
HLCL,GB00B0FYMT95,HELICAL PLC
STEM,GB00B0KM9T71,STHREE PLC
RTN,GB00B0YG1K06,RESTAURANT GROUP PLC
CLIG,GB00B104RS51,CITY OF LONDON INVESTMENT GROUP PLC
LOOK,GB00B17MMZ46,LOOKERS PLC
TPT,GB00B18P5K83,TOPPS TILES PLC
LSL,GB00B1G5HX72,LSL PROPERTY SERVICES PLC
PDG,GB00B1JQBT10,PENDRAGON PLC
MARS,GB00B1JQDM80,MARSTON'S PLC
PPH,GG00B1Z5FH87,PPHE HOTEL GROUP LD
IPF,GB00B1YKG049,INTERNATIONAL PERSONAL FINANCE PLC
FSTA,GB00B1YPC344,"FULLER,SMITH & TURNER PLC"
SFR,GB00B27YGJ97,SEVERFIELD PLC
REC,GB00B28ZPS36,RECORD PLC
DLAR,GB00B3DGH821,DE LA RUE PLC
SDRY,GB00B60BD277,SUPERDRY PLC
ENQ,GB00B635TG28,ENQUEST PLC
COST,GB00B64NSP76,COSTAIN GROUP PLC
CAPD,BMG022411000,CAPITAL LD
PHAR,GB00B572ZV91,PHAROS ENERGY PLC
SGC,GB00B6YTLS95,STAGECOACH GROUP PLC
FOXT,GB00BCKFY513,FOXTONS GROUP PLC
AO.,GB00BJTNFH41,AO WORLD PLC
CARD,GB00BLY2F708,CARD FACTORY PLC
TET,GB00BKS7YK08,TREATT PLC
ESP,GB00BLWDVR75,EMPIRIC STUDENT PROPERTY PLC
DTY,GB00BRB37M78,DIGNITY PLC
GLE,GB00BRKD9Z53,MJ GLEESON PLC
CARR,GB00BRK01058,CARR'S GROUP PLC
DFS,GB00BTC0LB89,DFS FURNITURE PLC
NXR,GB00BYYJL418,NORCROS PLC
HSW,GB00BYYN4225,HOSTELWORLD GROUP PLC
GYM,GB00BZBX0P70,THE GYM GROUP PLC
MTRO,GB00BZ6STL67,METRO BANK PLC
FORT,GB00BYYW3C20,FORTERRA PLC
HWG,GB00BYZJ7G42,HARWORTH GROUP PLC
MOTR,GB00BD0SFR60,MOTORPOINT GROUP PLC
KMR,IE00BDC5DG00,KENMARE RESOURCES PLC
NRR,GB00BD7XPJ64,NEWRIVER REIT PLC
BOWL,GB00BD0NVK62,HOLLYWOOD BOWL GROUP PLC
LUCE,GB00BZC0LP49,LUCECO PLC
XPS,GB00BDDN1T20,XPS PENSIONS GROUP PLC
UPGS,GB00BYX7MG58,UP GLOBAL SOURCING HOLDINGS PLC
MGP,GB00BYV24996,MEDICA GROUP PLC
TEG,GB00BF020D33,TEN ENTERTAINMENT GROUP PLC
ALFA,GB00BDHXPG30,ALFA FINANCIAL SOFTWARE HOLDINGS PL
BAKK,GB00BF8J3Z99,BAKKAVOR GROUP PLC
SBRE,GB00BYWVDP49,SABRE INSURANCE GROUP PLC
DWF,GB00BJMD6M39,DWF GROUP PLC
APTD,GB00BJV2F804,APTITUDE SOFTWARE GROUP PLC
GFRD,GB00BKY40Q38,GALLIFORD TRY HOLDINGS PLC
CAL,GB00BL6XZ716,CAPITAL & REGIONAL PLC
HYVE,GB00BKP36R26,HYVE GROUP PLC
SAGA,GB00BMX64W89,SAGA PLC
WIX,GB00BL6C2002,WICKES GROUP PLC
MADE,GB00BNXM7M46,MADE.COM GROUP PLC
RWI,GB00BNR4T868,RENEWI PLC
WPS,GB00BLGXWY71,W.A.G PAYMENT SOLUTIONS PLC
MORE,GB00BMV9MD66,HOSTMORE PLC
PODP,GB00BNDRD100,POD POINT GROUP HOLDINGS PLC
PROC,GB00BNRR8331,PROCOOK GROUP PLC
PDL,BMG702782084,PETRA DIAMONDS LD
GDWN,GB0003781050,GOODWIN PLC
PCTN,GB00B0LCW208,PICTON PROPERTY INCOME LD
LAM,GB00B1CL5249,LAMPRELL PLC
STVG,GB00B3CX3644,STV GROUP PLC
PCA,GB00BF5SGF06,PALACE CAPITAL PLC
RM.,GB00BJT0FF39,RM PLC
RIV,GB00BLZH7X42,RIVER AND MERCANTILE GROUP PLC
FCH,GB00BG0TPX62,FUNDING CIRCLE HOLDINGS PLC
FSG,GG00BMD8MJ76,FORESIGHT GROUP HOLDINGS LIMITED
CINE,GB00B15FWH70,CINEWORLD GROUP PLC
CPI,GB00B23K0M20,CAPITA PLC
BNC,ES0113900J37,BANCO SANTANDER S.A.
SDRC,GB0002395811,SCHRODERS PLC
SOLG,GB00B0WD0R35,SOLGOLD PLC
GENL,JE00B55Q3P39,GENEL ENERGY PLC
SEPL,NGSEPLAT0008,SEPLAT ENERGY PLC
NSF,GB00BRJ6JV17,NON-STANDARD FINANCE PLC
S32,AU000000S320,SOUTH32 LIMITED
CRN,IE00BWY4ZF18,CAIRN HOMES PLC
GKP,BMG4209G2077,GULF KEYSTONE PETROLEUM LD
OMU,ZAE000255360,OLD MUTUAL LIMITED
SFOR,GB00BFZZM640,S4 CAPITAL PLC
CCEP,GB00BDCPN049,COCA-COLA EUROPACIFIC PARTNERS PLC
ADT1,GB00BL0L5G04,ADRIATIC METALS PLC
THG,GB00BMTV7393,THG PLC
WPM,CA9628791027,WHEATON PRECIOUS METALS CORP.
TGA,ZAE000296554,THUNGELA RESOURCES LIMITED
WISE,GB00BL9YR756,WISE PLC
BHP,AU000000BHP4,BHP GROUP LIMITED
APF,GB0006449366,ANGLO PACIFIC GROUP PLC
G3E,KYG409381053,G3 EXPLORATION LD
BVA,ES0113211835,BANCO BILBAO VIZCAYA ARGENTARIA S.A
TTE,FR0000120271,TOTALENERGIES SE
COD,FR0000125007,COMPAGNIE DE ST-GOBAIN
IL0A,IE00BWB8X525,PERMANENT TSB GROUP HOLDINGS PLC
GPH,GB00BD2ZT390,GLOBAL PORTS HOLDING PLC
GLV,IE00BD6JX574,GLENVEAGH PROPERTIES PLC
KOS,US5006881065,KOSMOS ENERGY LD
RSG,AU000000RSG6,RESOLUTE MINING LIMITED
HANA,BMG428941089,HANSA INVESTMENT COMPANY LIMITED
PRE,GB00BKM0ZJ18,PENSANA PLC
CRE,BMG243851091,CONDUIT HOLDINGS LD
BOCH,IE00BD5B1Y92,BANK OF CYPRUS HOLDINGS PLC
ROO,GB00BNC5T391,DELIVEROO PLC
AWE,GB00BNDRMJ14,ALPHAWAVE IP GROUP PLC
ONT,GB00BP6S8Z30,OXFORD NANOPORE TECHNOLOGIES PLC
PYX,AU0000078487,PYX RESOURCES LIMITED
HPA1,GG00BMCP7B62,HAMBRO PERKS ACQUISITION COMPANY LI
HMA1,LU2420558889,HIRO METAVERSE ACQUISITIONS I S.A.
FINS,KYG3439B1032,FINANCIALS ACQUISITION CORP
ALNA,GB00B1VS7G47,ALINA HOLDINGS PLC
KSK,IM00B1G29327,KSK POWER VENTUR PLC
NEOA,GB00BNZHM998,NEW ENERGY ONE ACQUISITION CORP PLC
DAL,IE00BJMZDW83,DALATA HOTEL GROUP PLC
NFX,GB00BYW79Y38,NUFORMIX PLC
LRE,BMG5361W1047,LANCASHIRE HOLDINGS LD
BWY,GB0000904986,BELLWAY PLC
BBY,GB0000961622,BALFOUR BEATTY PLC
CLDN,GB0001639920,CALEDONIA INVESTMENTS PLC
BRW,GB0001765816,BREWIN DOLPHIN HLDGS PLC
DPLM,GB0001826634,DIPLOMA PLC
VTY,GB0001859296,VISTRY GROUP PLC
CKN,GB0002018363,CLARKSON PLC
GNS,GB0002074580,GENUS PLC
RAT,GB0002148343,RATHBONES GROUP PLC
CWK,GB0002318888,CRANSWICK PLC
DLN,GB0002652740,DERWENT LONDON PLC
BYG,GB0002869419,BIG YELLOW GROUP PLC
SXS,GB0003308607,SPECTRIS PLC
GAW,GB0003718474,GAMES WORKSHOP GROUP PLC
HAS,GB0004161021,HAYS PLC
HILS,GB0004270301,HILL & SMITH HLDGS PLC
MGAM,GB0006027295,MORGAN ADVANCED MATERIALS PLC
NEX,GB0006215205,NATIONAL EXPRESS GROUP PLC
ERM,GB0006886666,EUROMONEY INSTITUTIONAL INVEST.PLC
UTG,GB0006928617,UNITE GROUP PLC
RSW,GB0007323586,RENISHAW PLC
CBG,GB0007668071,CLOSE BROS GROUP PLC
SRP,GB0007973794,SERCO GROUP PLC
SHB,GB0007990962,SHAFTESBURY PLC
TEP,GB0008794710,TELECOM PLUS PLC
ULE,GB0009123323,ULTRA ELECTRONICS HOLDINGS PLC
VCT,GB0009292243,VICTREX PLC
WEIR,GB0009465807,WEIR GROUP PLC
BAB,GB0009697037,BABCOCK INTERNATIONAL GROUP PLC
SYNT,GB0009887422,SYNTHOMER PLC
PAGE,GB0030232317,PAGEGROUP PLC
CCL,GB0031215220,CARNIVAL PLC
MKS,GB0031274896,MARKS & SPENCER GROUP PLC
MSLH,GB00B012BV22,MARSHALLS PLC
CNA,GB00B033F229,CENTRICA PLC
GRI,GB00B04V1276,GRAINGER PLC
IGG,GB00B06QFB75,IG GROUP HOLDINGS PLC
ESNT,GB00B0744359,ESSENTRA PLC
BVIC,GB00B0N8QD54,BRITVIC PLC
QQ.,GB00B0WMWD03,QINETIQ GROUP PLC
ASHM,GB00B132NW22,ASHMORE GROUP PLC
SVS,GB00B135BJ46,SAVILLS PLC
PZC,GB00B19Z1432,PZ CUSSONS PLC
DNLM,GB00B1CKQ739,DUNELM GROUP PLC
MAB,GB00B1FP6H53,MITCHELLS & BUTLERS PLC
HOC,GB00B1FW5029,HOCHSCHILD MINING PLC
SAFE,GB00B1N7Z094,SAFESTORE HOLDINGS PLC
FRAS,GB00B1QH8P22,FRASERS GROUP PLC
DRX,GB00B1VNSX38,DRAX GROUP PLC
FXPO,GB00B1XH2C03,FERREXPO PLC
GNC,IE0003864109,GREENCORE GROUP PLC
GFTU,IE00B00MZ448,GRAFTON GROUP PLC
CCR,IE00B010DT83,C&C GROUP PLC
PFG,GB00B1Z4ST84,PROVIDENT FINANCIAL PLC
MONY,GB00B1ZBKY84,MONEYSUPERMARKET.COM GROUP PLC
PAG,GB00B2NGPM57,PARAGON BANKING GROUP PLC
SMWH,GB00B2PDGW16,WH SMITH PLC
BOY,GB00B3FLWH99,BODYCOTE PLC
GRG,GB00B63QSB39,GREGGS PLC
CURY,GB00B4Y7R145,CURRYS PLC
CAPC,GB00B62G9D36,CAPITAL & COUNTIES PROPERTIES PLC
INCH,GB00B61TVQ02,INCHCAPE PLC
JUP,GB00B53P2009,JUPITER FUND MANAGEMENT PLC
LMP,GB00B4WFW713,LONDONMETRIC PROPERTY PLC
WG.,GB00B5N0P849,WOOD GROUP (JOHN) PLC
COA,GB00B4YZN328,COATS GROUP PLC
WKP,GB00B67G5X01,WORKSPACE GROUP PLC
CEY,JE00B5TT1872,CENTAMIN PLC
PTEC,IM00B7S9G985,PLAYTECH PLC
VSVS,GB00B82YXW83,VESUVIUS PLC
CRST,GB00B8VZXT93,CREST NICHOLSON HOLDINGS PLC
MDC,GB00B8HX8Z88,MEDICLINIC INTERNATIONAL PLC
JUST,GB00BCRX1J15,JUST GROUP PLC
IMI,GB00BGLP8L22,IMI PLC
GEN,GB00BKRC5K31,GENUIT GROUP PLC
FEV,GB00BK1PKQ95,FIDELITY EUROPEAN TRUST PLC
SPI,GB00BNLPYF73,SPIRE HEALTHCARE GROUP PLC
INDV,GB00BRS65X63,INDIVIOR PLC
AGR,GB00BVGBWW93,ASSURA PLC
WIZZ,JE00BN574F90,WIZZ AIR HOLDINGS PLC.
CCC,GB00BV9FP302,COMPUTACENTER PLC
HSX,BMG4593F1389,HISCOX LD
SNN,JE00BVRZ8S85,SANNE GROUP PLC
ROR,GB00BVFNZH21,ROTORK PLC
DLG,GB00BY9D0Y18,DIRECT LINE INSURANCE GROUP PLC
HSV,GB00BYYTFB60,HOMESERVE PLC
IBST,GB00BYXJC278,IBSTOCK PLC
SCT,GB00BYZDVK82,SOFTCAT PLC
JMAT,GB00BZ4BQC70,JOHNSON MATTHEY PLC
VMUK,GB00BD6GN030,VIRGIN MONEY UK PLC
ASCL,GB00BYM8GJ06,ASCENTIAL PLC
CSP,GB00BYPHNG03,COUNTRYSIDE PARTNERSHIPS PLC
BEZ,GB00BYQ0JC66,BEAZLEY PLC
DOM,GB00BYN59130,DOMINO'S PIZZA GROUP PLC
TBCG,GB00BYT18307,TBC BANK GROUP PLC
CTEC,GB00BD3VFW73,CONVATEC GROUP PLC
IWG,JE00BYVQYS01,IWG PLC
CLI,GB00BF044593,CLS HOLDINGS PLC
RHIM,NL0012650360,RHI MAGNESITA N.V.
TIFS,GB00BYQB9V88,TI FLUID SYSTEMS PLC
GLO,GB00BF448H58,CONTOURGLOBAL PLC
IHP,GB00BD45SH49,INTEGRAFIN HOLDINGS PLC
GPE,GB00BF5H9P87,GREAT PORTLAND ESTATES PLC
QLT,GB00BDCXV269,QUILTER PLC
SSPG,GB00BGBN7C04,SSP GROUP PLC
RDW,GB00BG11K365,REDROW PLC
MCRO,GB00BJ1F4N75,MICRO FOCUS INTERNATIONAL PLC
EMG,JE00BJ1DLW90,MAN GROUP PLC
HMSO,GB00BK7YQK64,HAMMERSON PLC
OSB,GB00BLDRH360,OSB GROUP PLC
CNE,GB00BN0SMB92,CAPRICORN ENERGY PLC
TCAP,JE00BMDZN391,TP ICAP GROUP PLC
DARK,GB00BNYK8G86,DARKTRACE PLC
TPK,GB00BK9RKT01,TRAVIS PERKINS PLC
PNN,GB00BNNTLN49,PENNON GROUP PLC
TATE,GB00BP92CJ43,TATE & LYLE PLC
JDW,GB0001638955,WETHERSPOON(J.D.) PLC
FGP,GB0003452173,FIRSTGROUP PLC
IPO,GB00B128J450,IP GROUP PLC
RNK,GB00B1L5QH97,RANK GROUP PLC
888,GI000A0F6407,888 HOLDINGS PLC
XPP,SG9999003735,XP POWER LD
CHG,GB00B45C9X44,CHEMRING GROUP PLC
FDM,GB00BLWDVP51,FDM GROUP (HOLDINGS) PLC
TUI,DE000TUAG000,TUI AG
BIFF,GB00BD8DR117,BIFFA PLC
ENOG,GB00BG12Y042,ENERGEAN PLC
DSCV,GB0000055888,DISCOVERIE GROUP PLC
TLW,GB0001500809,TULLOW OIL PLC
ELM,GB0002418548,ELEMENTIS PLC
MTO,GB0004657408,MITIE GROUP PLC
SPT,GB0004726096,SPIRENT COMMUNICATIONS PLC
FOUR,GB0006640972,4IMPRINT GROUP PLC
OXIG,GB0006650450,OXFORD INSTRUMENTS PLC
LIO,GB0007388407,LIONTRUST ASSET MANAGEMENT PLC
MGNS,GB0008085614,MORGAN SINDALL GROUP PLC
LWDB,GB0031429219,LAW DEBENTURE CORPORATION PLC
NCC,GB00B01QGK86,NCC GROUP PLC
INVP,GB00B17BBQ50,INVESTEC PLC
HFG,GB00B1V9NW54,HILTON FOOD GROUP PLC
TYMN,GB00B29H4253,TYMAN PLC
REDD,GB00B41H7391,REDDE NORTHGATE PLC
EZJ,GB00B7KR2P84,EASYJET PLC
PFD,GB00B7N0K053,PREMIER FOODS PLC
PLUS,IL0011284465,PLUS500 LTD
PETS,GB00BJ62K685,PETS AT HOME GROUP PLC
CLG,GB00BMMV6B79,CLIPPER LOGISTICS PLC
FAN,GB00BN3ZZ526,VOLUTION GROUP PLC
PRTC,GB00BY2Z0H74,PURETECH HEALTH PLC
KNOS,GB00BZ0D6727,KAINOS GROUP PLC
PHP,GB00BYRJ5J14,PRIMARY HEALTH PROPERTIES PLC
CMCX,GB00B14SKR37,CMC MARKETS PLC
FUTR,GB00BYZN9041,FUTURE PLC
DEC,GB00BYX7JT74,DIVERSIFIED ENERGY COMPANY PLC
SRE,GG00B1W3VF54,SIRIUS REAL ESTATE LD
JTC,JE00BF4X3P53,JTC PLC
VVO,GB00BDGT2M75,VIVO ENERGY PLC
OXB,GB00BDFBVT43,OXFORD BIOMEDICA PLC
AJB,GB00BFZNLB60,AJ BELL PLC
NETW,GB00BH3VJ782,NETWORK INTERNATIONAL HOLDINGS PLC
WOSG,GB00BJDQQ870,WATCHES OF SWITZERLAND GROUP PLC
TRN,GB00BKDTK925,TRAINLINE PLC
HTWS,GB00BJVQC708,HELIOS TOWERS PLC
N91,GB00BJHPLV88,NINETY ONE PLC
BYIT,GB00BMH18Q19,BYTES TECHNOLOGY GROUP PLC
AML,GB00BN7CG237,ASTON MARTIN LAGONDA GLOBAL HOLDING
DOCS,GB00BL6NGV24,DR. MARTENS PLC
MOON,GB00BMT9K014,MOONPIG GROUP PLC
ATG,GB00BMVQDZ64,AUCTION TECHNOLOGY GROUP PLC
TRST,GB00BNK9TP58,TRUSTPILOT GROUP PLC
HBR,GB00BMBVGQ36,HARBOUR ENERGY PLC
BCG,GB00BN44P254,BALTIC CLASSIFIEDS GROUP PLC
BPT,GB00BND88V85,BRIDGEPOINT GROUP PLC
0RYA,IE00BYTBXV33,RYANAIR HOLDINGS PLC
